结算时间,订单号,子订单号,结算金额,结算账户,结算单类型,有结算前退款,下单时间,商品ID,商品名称,商品数量,达人ID,达人名称,业务类型,订单类型,订单总价,商品总价,运费,店铺券,政府补贴商家垫资,结算前退款金额,平台补贴,其他平台补贴,政府补贴平台垫资,达人补贴,抖音支付补贴,抖音月付营销补贴,银行补贴,以旧换新抵扣,平台补贴运费,用户实付,收入合计,平台服务费,达人佣金,服务商佣金,渠道分成,招商服务费,站外推广费,其他分成,其他分成说明,支出合计,是否免佣,免佣金额,商户主体名称,备注
" "," "," ",收入+支出," "," "," "," "," "," "," "," "," "," "," ",商品总价+运费," "," ",包括商家发的优惠券、商品直降金额以及与平台混资补贴商家承担的金额,以旧换新商家先行出资，结算后商家拿着对应金额发票与政府进行金额结算。,退给用户的货款+运费+退补贴," ",其他平台补贴包括话费充值平台优惠金额，此部分补贴金额商家无需给平台开票,以旧换新政府出资补商家，跟随货款一同结算给商家，包括以旧换新政府补贴券，商家无需开票。," "," "," "," "," "," "," ",用户实付+平台补贴+达人补贴+抖音支付补贴+抖音月付补贴+银行补贴+以旧换新抵扣+平台补贴运费+政府补贴平台垫资+其他平台补贴,"'-(用户实付+平台补贴+达人补贴+平台补贴运费+政府补贴平台垫资+其他平台补贴)*费率
平台按照商品类目费率收取商家的费用","'-(用户实付-运费+平台补贴+达人补贴+平台补贴运费+抖音支付补贴+抖音月付补贴+政府补贴平台垫资+其他平台补贴)*费率
商家支出给达人的佣金",商家使用了服务商服务（例如商家招募与培训、内容制作、抖店开设与运营、达人运营等一站式服务），需要支付给对应服务商的佣金,仅在学浪订单场景下存在的分成，如果订单非学浪订单则不会有这个费用,商家支出给团长的佣金,推广者在抖音APP外进行商品推广，用户因推广者推广进入抖音APP进入小店平台并完成商品购买。商家商品通过精选联盟平台的推广者成交的，每笔订单商家需要向推广者支付一定比例的推广费,除“佣金、渠道分成、招商服务费、站外推广费”等账单中已分列展示之外的分成项目," ",平台服务费+达人佣金+服务商佣金+渠道分成+招商服务费+站外推广费+其他分成,订单是否命中了平台各类平台服务费减免活动，例如商品卡佣金减免等活动,订单结算时按照平台活动规则减免掉的金额，免佣金额不会结算或打款给商家," "," "
2026-04-24 09:00:56,'6925732072238055092,'6925732072238055092,3.79,聚合账户,已结算,否,2026-04-20 11:56:56,'3814850107828994235,七彩吹泡泡系列专用补充液泡泡浓缩液 便携袋装泡泡水泡泡液安全,1,,,小店自卖,普通订单,3.99,3.99,0,0,0,0,0,0,0,0,0,0,0,0,0,3.99,3.99,-0.2,0,0,0,0,0,0,,-0.2,否,0,通许县商共电子商务经营部（个体工商户）,平台服务费率5%;商品类目: 玩具>其他特色玩具>其他（实物）
2026-04-25 02:31:23,'6925739518898044900,'6925739518898044900,13.49,聚合账户,已结算,否,2026-04-20 14:09:02,'3815327929399902703,萌宝冲电多孔吹泡泡玩具手持泡泡机趣味玩具,1,'7595415258585351205,欣儿玩具,精选联盟,普通订单,14.99,14.99,0,0,0,0,0,0,0,0,0,0,0,0,0,14.99,14.99,-0.75,-0.75,0,0,0,0,0,,-1.5,,0,通许县商共电子商务经营部（个体工商户）,平台服务费率5%;商品类目: 玩具>其他特色玩具>其他（实物）
2026-04-25 05:12:37,'6925735378274909431,'6925735378274909431,13.49,聚合账户,已结算,否,2026-04-20 06:41:44,'3814849104937353537,萌娃冲电泡泡机网红爆款新款手持多孔吹泡泡玩具泡泡机趣味玩具,1,'1400117048905447,欣晴玩具,精选联盟,普通订单,14.99,14.99,0,0,0,0,1.12,0,0,0,0,0,0,0,0,13.87,14.99,-0.75,-0.75,0,0,0,0,0,,-1.5,,0,通许县商共电子商务经营部（个体工商户）,平台服务费率5%;商品类目: 玩具>玩具枪>其他玩具枪（实物）
2026-04-25 08:30:24,'6952209898077886140,'6952209898077886140,11.69,聚合账户,已结算,否,2026-04-20 14:10:46,'3815327929399902703,萌宝冲电多孔吹泡泡玩具手持泡泡机趣味玩具,1,'7595415258585351205,欣儿玩具,精选联盟,普通订单,12.99,12.99,0,0,0,0,0,0,0,0,0,0,0,0,0,12.99,12.99,-0.65,-0.65,0,0,0,0,0,,-1.3,,0,通许县商共电子商务经营部（个体工商户）,平台服务费率5%;商品类目: 玩具>其他特色玩具>其他（实物）
2026-04-25 08:44:16,'6925752473092390561,'6925752473092390561,13.49,聚合账户,已结算,否,2026-04-21 08:22:47,'3815327929399902703,萌宝冲电多孔吹泡泡玩具手持泡泡机趣味玩具,1,'1400117048905447,欣晴玩具,精选联盟,普通订单,14.99,14.99,0,0,0,0,9.39,0,0,0,0,0,0,0,0,5.6,14.99,-0.75,-0.75,0,0,0,0,0,,-1.5,,0,通许县商共电子商务经营部（个体工商户）,平台服务费率5%;商品类目: 玩具>其他特色玩具>其他（实物）
2026-04-25 09:01:53,'6952205904749990990,'6952205904750056526,7.19,聚合账户,已结算,否,2026-04-20 14:12:50,'3814851529454780467,2026新款吹泡泡拍乒乓球益智拍拍乐玩具适合互动户外游玩泡泡球拍,1,'7595415258585351205,欣儿玩具,精选联盟,普通订单,7.99,7.99,0,0,0,0,2.78,0,0,0,0,0,0,0,0,5.21,7.99,-0.4,-0.4,0,0,0,0,0,,-0.8,,0,通许县商共电子商务经营部（个体工商户）,平台服务费率5%;商品类目: 玩具>其他特色玩具>其他（实物）
2026-04-25 09:39:56,'6952230466985334514,'6952230466985334514,11.69,聚合账户,已结算,否,2026-04-20 13:47:25,'3815327929399902703,萌宝冲电多孔吹泡泡玩具手持泡泡机趣味玩具,1,'7595415258585351205,欣儿玩具,精选联盟,普通订单,12.99,12.99,0,0,0,0,1,0,0,0,0,0,0,0,0,11.99,12.99,-0.65,-0.65,0,0,0,0,0,,-1.3,,0,通许县商共电子商务经营部（个体工商户）,平台服务费率5%;商品类目: 玩具>其他特色玩具>其他（实物）
2026-04-25 09:46:03,'6925738351885843907,'6925738351885843907,11.69,聚合账户,已结算,否,2026-04-20 13:36:37,'3815327929399902703,萌宝冲电多孔吹泡泡玩具手持泡泡机趣味玩具,1,'7595415258585351205,欣儿玩具,精选联盟,普通订单,12.99,12.99,0,0,0,0,0,0,0,0,0,0,0,0,0,12.99,12.99,-0.65,-0.65,0,0,0,0,0,,-1.3,,0,通许县商共电子商务经营部（个体工商户）,平台服务费率5%;商品类目: 玩具>其他特色玩具>其他（实物）
2026-04-25 10:20:13,'6925739467440291787,'6925739467440291787,11.69,聚合账户,已结算,否,2026-04-20 13:42:48,'3815327929399902703,萌宝冲电多孔吹泡泡玩具手持泡泡机趣味玩具,1,'7595415258585351205,欣儿玩具,精选联盟,普通订单,12.99,12.99,0,0,0,0,6.69,0,0,0,0,0,0,0,0,6.3,12.99,-0.65,-0.65,0,0,0,0,0,,-1.3,,0,通许县商共电子商务经营部（个体工商户）,平台服务费率5%;商品类目: 玩具>其他特色玩具>其他（实物）
2026-04-25 12:39:51,'6925727067068988625,'6925727067068988625,11.69,聚合账户,已结算,否,2026-04-20 13:40:49,'3815327929399902703,萌宝冲电多孔吹泡泡玩具手持泡泡机趣味玩具,1,'7595415258585351205,欣儿玩具,精选联盟,普通订单,12.99,12.99,0,0,0,0,3,0,0,0,0,0,0,0,0,9.99,12.99,-0.65,-0.65,0,0,0,0,0,,-1.3,,0,通许县商共电子商务经营部（个体工商户）,平台服务费率5%;商品类目: 玩具>其他特色玩具>其他（实物）
2026-04-25 12:40:23,'6925739567137521039,'6925739567137521039,11.69,聚合账户,已结算,否,2026-04-20 14:13:35,'3815327929399902703,萌宝冲电多孔吹泡泡玩具手持泡泡机趣味玩具,1,'7595415258585351205,欣儿玩具,精选联盟,普通订单,12.99,12.99,0,0,0,0,8.09,0,0,0,0,0,0,0,0,4.9,12.99,-0.65,-0.65,0,0,0,0,0,,-1.3,,0,通许县商共电子商务经营部（个体工商户）,平台服务费率5%;商品类目: 玩具>其他特色玩具>其他（实物）
2026-04-25 14:45:10,'6925724845549190380,'6925724845549190380,8.09,聚合账户,已结算,否,2026-04-20 14:02:04,'3814850107828994235,七彩吹泡泡系列专用补充液泡泡浓缩液 便携袋装泡泡水泡泡液安全,1,'7595415258585351205,欣儿玩具,精选联盟,普通订单,8.99,8.99,0,0,0,0,4,0,0,0,0,0,0,0,0,4.99,8.99,-0.45,-0.45,0,0,0,0,0,,-0.9,,0,通许县商共电子商务经营部（个体工商户）,平台服务费率5%;商品类目: 玩具>其他特色玩具>其他（实物）
2026-04-26 04:37:04,'6925741189116951706,'6925741189116951706,13.49,聚合账户,已结算,否,2026-04-21 08:21:16,'3815327929399902703,萌宝冲电多孔吹泡泡玩具手持泡泡机趣味玩具,1,'1400117048905447,欣晴玩具,精选联盟,普通订单,14.99,14.99,0,0,0,0,0,0,0,0,0,0,0,0,0,14.99,14.99,-0.75,-0.75,0,0,0,0,0,,-1.5,,0,通许县商共电子商务经营部（个体工商户）,平台服务费率5%;商品类目: 玩具>其他特色玩具>其他（实物）
2026-04-26 05:32:17,'6952225395233002962,'6952225395233002962,11.69,聚合账户,已结算,否,2026-04-20 13:39:37,'3815327929399902703,萌宝冲电多孔吹泡泡玩具手持泡泡机趣味玩具,1,'7595415258585351205,欣儿玩具,精选联盟,普通订单,12.99,12.99,0,0,0,0,0,0,0,0,0,0,0,0,0,12.99,12.99,-0.65,-0.65,0,0,0,0,0,,-1.3,,0,通许县商共电子商务经营部（个体工商户）,平台服务费率5%;商品类目: 玩具>其他特色玩具>其他（实物）
2026-04-26 05:34:25,'6952235588444427878,'6952235588444427878,8.09,聚合账户,已结算,否,2026-04-21 08:16:22,'3814850107828994235,七彩吹泡泡系列专用补充液泡泡浓缩液 便携袋装泡泡水泡泡液安全,1,'1400117048905447,欣晴玩具,精选联盟,普通订单,8.99,8.99,0,0,0,0,4,0,0,0,0,0,0,0,0,4.99,8.99,-0.45,-0.45,0,0,0,0,0,,-0.9,,0,通许县商共电子商务经营部（个体工商户）,平台服务费率5%;商品类目: 玩具>其他特色玩具>其他（实物）
2026-04-26 05:46:42,'6952209831666980282,'6952209831666980282,11.69,聚合账户,已结算,否,2026-04-20 13:34:14,'3815327929399902703,萌宝冲电多孔吹泡泡玩具手持泡泡机趣味玩具,1,'7595415258585351205,欣儿玩具,精选联盟,普通订单,12.99,12.99,0,0,0,0,0,0,0,0,0,0,0,0,0,12.99,12.99,-0.65,-0.65,0,0,0,0,0,,-1.3,,0,通许县商共电子商务经营部（个体工商户）,平台服务费率5%;商品类目: 玩具>其他特色玩具>其他（实物）
2026-04-26 06:40:34,'6925757035372772483,'6925757035372772483,11.69,聚合账户,已结算,否,2026-04-21 08:06:30,'3815327929399902703,萌宝冲电多孔吹泡泡玩具手持泡泡机趣味玩具,1,'1400117048905447,欣晴玩具,精选联盟,普通订单,12.99,12.99,0,0,0,0,0,0,0,0,0,0,0,0,0,12.99,12.99,-0.65,-0.65,0,0,0,0,0,,-1.3,,0,通许县商共电子商务经营部（个体工商户）,平台服务费率5%;商品类目: 玩具>其他特色玩具>其他（实物）
2026-04-26 08:03:42,'6952211787887941050,'6952211787887941050,13.49,聚合账户,已结算,否,2026-04-20 13:34:57,'3815327929399902703,萌宝冲电多孔吹泡泡玩具手持泡泡机趣味玩具,1,'7595415258585351205,欣儿玩具,精选联盟,普通订单,14.99,14.99,0,0,0,0,0,0,0,0,0,0,0,0,0,14.99,14.99,-0.75,-0.75,0,0,0,0,0,,-1.5,,0,通许县商共电子商务经营部（个体工商户）,平台服务费率5%;商品类目: 玩具>其他特色玩具>其他（实物）
2026-04-26 08:43:26,'6925767348742356054,'6925767348742356054,13.49,聚合账户,已结算,否,2026-04-22 06:25:08,'3815327929399902703,萌宝冲电多孔吹泡泡玩具手持泡泡机趣味玩具,1,'1400117048905447,欣晴玩具,精选联盟,普通订单,14.99,14.99,0,0,0,0,0,0,0,0,0,0,0,0,0,14.99,14.99,-0.75,-0.75,0,0,0,0,0,,-1.5,,0,通许县商共电子商务经营部（个体工商户）,平台服务费率5%;商品类目: 玩具>其他特色玩具>其他（实物）
2026-04-26 09:41:56,'6952225452663968846,'6952225452663968846,11.69,聚合账户,已结算,否,2026-04-20 13:49:32,'3815327929399902703,萌宝冲电多孔吹泡泡玩具手持泡泡机趣味玩具,1,'7595415258585351205,欣儿玩具,精选联盟,普通订单,12.99,12.99,0,0,0,0,0,0,0,0,0,0,0,0,0,12.99,12.99,-0.65,-0.65,0,0,0,0,0,,-1.3,,0,通许县商共电子商务经营部（个体工商户）,平台服务费率5%;商品类目: 玩具>其他特色玩具>其他（实物）
2026-04-26 10:43:23,'6925727159106240080,'6925727159106240080,9.97,聚合账户,已结算,是,2026-04-20 13:56:11,'3815327929399902703,萌宝冲电多孔吹泡泡玩具手持泡泡机趣味玩具,1,'7595415258585351205,欣儿玩具,精选联盟,普通订单,14.99,14.99,0,0,0,-3.92,5.39,0,0,0,0,0,0,0,0,5.68,11.07,-0.55,-0.55,0,0,0,0,0,,-1.1,,0,通许县商共电子商务经营部（个体工商户）,平台服务费率5%;商品类目: 玩具>其他特色玩具>其他（实物）
2026-04-26 10:44:30,'6925741741999292368,'6925741741999292368,5.18,聚合账户,已结算,是,2026-04-20 13:44:50,'3815327929399902703,萌宝冲电多孔吹泡泡玩具手持泡泡机趣味玩具,1,'7595415258585351205,欣儿玩具,精选联盟,普通订单,12.99,12.99,0,0,0,-7.23,1.77,0,0,0,0,0,0,0,0,3.99,5.76,-0.29,-0.29,0,0,0,0,0,,-0.58,,0,通许县商共电子商务经营部（个体工商户）,平台服务费率5%;商品类目: 玩具>其他特色玩具>其他（实物）
2026-04-26 10:45:08,'6925739572743274175,'6925739572743274175,11.69,聚合账户,已结算,否,2026-04-20 14:24:57,'3815327929399902703,萌宝冲电多孔吹泡泡玩具手持泡泡机趣味玩具,1,'7595415258585351205,欣儿玩具,精选联盟,普通订单,12.99,12.99,0,0,0,0,0,0,0,0,0,0,0,0,0,12.99,12.99,-0.65,-0.65,0,0,0,0,0,,-1.3,,0,通许县商共电子商务经营部（个体工商户）,平台服务费率5%;商品类目: 玩具>其他特色玩具>其他（实物）
2026-04-26 12:25:21,'6925756995745381423,'6925756995745381423,11.69,聚合账户,已结算,否,2026-04-21 07:34:51,'3815327929399902703,萌宝冲电多孔吹泡泡玩具手持泡泡机趣味玩具,1,'1400117048905447,欣晴玩具,精选联盟,普通订单,12.99,12.99,0,0,0,0,0,0,0,0,0,0,0,0,0,12.99,12.99,-0.65,-0.65,0,0,0,0,0,,-1.3,,0,通许县商共电子商务经营部（个体工商户）,平台服务费率5%;商品类目: 玩具>其他特色玩具>其他（实物）
2026-04-26 13:34:56,'6952209875342726666,'6952209875342726666,13.49,聚合账户,已结算,否,2026-04-20 14:09:18,'3815327929399902703,萌宝冲电多孔吹泡泡玩具手持泡泡机趣味玩具,1,'7595415258585351205,欣儿玩具,精选联盟,普通订单,14.99,14.99,0,0,0,0,7,0,0,0,0.5,0,0,0,0,7.49,14.99,-0.75,-0.75,0,0,0,0,0,,-1.5,,0,通许县商共电子商务经营部（个体工商户）,平台服务费率5%;商品类目: 玩具>其他特色玩具>其他（实物）
2026-04-26 15:10:12,'6925745762797256279,'6925745762797256279,13.49,聚合账户,已结算,否,2026-04-21 07:55:17,'3815327929399902703,萌宝冲电多孔吹泡泡玩具手持泡泡机趣味玩具,1,'1400117048905447,欣晴玩具,精选联盟,普通订单,14.99,14.99,0,0,0,0,4.2,0,0,0,0,0,0,0,0,10.79,14.99,-0.75,-0.75,0,0,0,0,0,,-1.5,,0,通许县商共电子商务经营部（个体工商户）,平台服务费率5%;商品类目: 玩具>其他特色玩具>其他（实物）
2026-04-27 01:35:59,'6952249012077008108,'6952249012077008108,13.49,聚合账户,已结算,否,2026-04-21 07:35:44,'3815327929399902703,萌宝冲电多孔吹泡泡玩具手持泡泡机趣味玩具,1,'1400117048905447,欣晴玩具,精选联盟,普通订单,14.99,14.99,0,0,0,0,0,0,0,0,0,0,0,0,0,14.99,14.99,-0.75,-0.75,0,0,0,0,0,,-1.5,,0,通许县商共电子商务经营部（个体工商户）,平台服务费率5%;商品类目: 玩具>其他特色玩具>其他（实物）
2026-04-27 03:43:48,'6925738351673244837,'6925738351673310373,11.69,聚合账户,已结算,否,2026-04-20 13:47:50,'3815327929399902703,萌宝冲电多孔吹泡泡玩具手持泡泡机趣味玩具,1,'7595415258585351205,欣儿玩具,精选联盟,普通订单,12.99,12.99,0,0,0,0,4,0,0,0,0,0,0,0,0,8.99,12.99,-0.65,-0.65,0,0,0,0,0,,-1.3,,0,通许县商共电子商务经营部（个体工商户）,平台服务费率5%;商品类目: 玩具>其他特色玩具>其他（实物）
2026-04-27 04:31:27,'6952231872253794049,'6952231872253794049,13.49,聚合账户,已结算,否,2026-04-21 08:00:35,'3815327929399902703,萌宝冲电多孔吹泡泡玩具手持泡泡机趣味玩具,1,'1400117048905447,欣晴玩具,精选联盟,普通订单,14.99,14.99,0,0,0,0,0,0,0,0,0,0,0,0,0,14.99,14.99,-0.75,-0.75,0,0,0,0,0,,-1.5,,0,通许县商共电子商务经营部（个体工商户）,平台服务费率5%;商品类目: 玩具>其他特色玩具>其他（实物）
2026-04-27 05:38:00,'6952272664535439216,'6952272664535439216,11.69,聚合账户,已结算,否,2026-04-22 06:27:03,'3815327929399902703,萌宝冲电多孔吹泡泡玩具手持泡泡机趣味玩具,1,'1400117048905447,欣晴玩具,精选联盟,普通订单,12.99,12.99,0,0,0,0,6.69,0,0,0,0,0,0,0,0,6.3,12.99,-0.65,-0.65,0,0,0,0,0,,-1.3,,0,通许县商共电子商务经营部（个体工商户）,平台服务费率5%;商品类目: 玩具>其他特色玩具>其他（实物）
2026-04-27 06:27:12,'6952244477426472705,'6952244477426472705,8.09,聚合账户,已结算,否,2026-04-21 08:00:00,'3814850107828994235,七彩吹泡泡系列专用补充液泡泡浓缩液 便携袋装泡泡水泡泡液安全,1,'1400117048905447,欣晴玩具,精选联盟,普通订单,8.99,8.99,0,0,0,0,2,0,0,0,0,0,0,0,0,6.99,8.99,-0.45,-0.45,0,0,0,0,0,,-0.9,,0,通许县商共电子商务经营部（个体工商户）,平台服务费率5%;商品类目: 玩具>其他特色玩具>其他（实物）
2026-04-27 06:59:42,'6925734059010588073,'6925734059010588073,26.98,聚合账户,已结算,否,2026-04-20 14:15:51,'3815327929399902703,萌宝冲电多孔吹泡泡玩具手持泡泡机趣味玩具,2,'7595415258585351205,欣儿玩具,精选联盟,普通订单,29.98,29.98,0,0,0,0,0,0,0,0,0,0,0,0,0,29.98,29.98,-1.5,-1.5,0,0,0,0,0,,-3,,0,通许县商共电子商务经营部（个体工商户）,平台服务费率5%;商品类目: 玩具>其他特色玩具>其他（实物）
2026-04-27 08:34:16,'6925734068134247440,'6925734068134247440,11.69,聚合账户,已结算,否,2026-04-20 14:18:27,'3815327929399902703,萌宝冲电多孔吹泡泡玩具手持泡泡机趣味玩具,1,'7595415258585351205,欣儿玩具,精选联盟,普通订单,12.99,12.99,0,0,0,0,0,0,0,0,0,0,0,0,0,12.99,12.99,-0.65,-0.65,0,0,0,0,0,,-1.3,,0,通许县商共电子商务经营部（个体工商户）,平台服务费率5%;商品类目: 玩具>其他特色玩具>其他（实物）
2026-04-27 08:36:15,'6925754699670256695,'6925754699670256695,11.69,聚合账户,已结算,否,2026-04-21 06:54:11,'3815327929399902703,萌宝冲电多孔吹泡泡玩具手持泡泡机趣味玩具科学实验,1,'1400117048905447,欣晴玩具,精选联盟,普通订单,12.99,12.99,0,0,0,0,6,0,0,0,0,0,0,0,0,6.99,12.99,-0.65,-0.65,0,0,0,0,0,,-1.3,,0,通许县商共电子商务经营部（个体工商户）,平台服务费率5%;商品类目: 玩具>其他特色玩具>其他（实物）
2026-04-27 09:02:24,'6925803380536343750,'6925803380536343750,11.69,聚合账户,已结算,否,2026-04-22 19:57:12,'3815327929399902703,萌宝冲电多孔吹泡泡玩具手持泡泡机趣味玩具,1,'1400117048905447,欣晴玩具,精选联盟,普通订单,12.99,12.99,0,0,0,0,4,0,0,0,0,0,0,0,0,8.99,12.99,-0.65,-0.65,0,0,0,0,0,,-1.3,,0,通许县商共电子商务经营部（个体工商户）,平台服务费率5%;商品类目: 玩具>其他特色玩具>其他（实物）
2026-04-27 09:37:17,'6925748426697505870,'6925748426697505870,13.49,聚合账户,已结算,否,2026-04-21 07:57:00,'3815327929399902703,萌宝冲电多孔吹泡泡玩具手持泡泡机趣味玩具,1,'1400117048905447,欣晴玩具,精选联盟,普通订单,14.99,14.99,0,0,0,0,6,0,0,0,0,0,0,0,0,8.99,14.99,-0.75,-0.75,0,0,0,0,0,,-1.5,,0,通许县商共电子商务经营部（个体工商户）,平台服务费率5%;商品类目: 玩具>其他特色玩具>其他（实物）
2026-04-27 09:41:49,'6952230513594734388,'6952230513594734388,11.69,聚合账户,已结算,否,2026-04-20 14:19:03,'3815327929399902703,萌宝冲电多孔吹泡泡玩具手持泡泡机趣味玩具,1,'7595415258585351205,欣儿玩具,精选联盟,普通订单,12.99,12.99,0,0,0,0,0,0,0,0,0,0,0,0,0,12.99,12.99,-0.65,-0.65,0,0,0,0,0,,-1.3,,0,通许县商共电子商务经营部（个体工商户）,平台服务费率5%;商品类目: 玩具>其他特色玩具>其他（实物）
2026-04-27 10:32:54,'6925754698354163411,'6925754698354163411,13.49,聚合账户,已结算,否,2026-04-21 07:13:58,'3815327929399902703,萌宝冲电多孔吹泡泡玩具手持泡泡机趣味玩具,1,'1400117048905447,欣晴玩具,精选联盟,普通订单,14.99,14.99,0,0,0,0,0,0,0,0,0,0,0,0,0,14.99,14.99,-0.75,-0.75,0,0,0,0,0,,-1.5,,0,通许县商共电子商务经营部（个体工商户）,平台服务费率5%;商品类目: 玩具>其他特色玩具>其他（实物）
2026-04-27 10:35:22,'6925738351673244837,'6925738351673244837,11.69,聚合账户,已结算,否,2026-04-20 13:47:50,'3815327929399902703,萌宝冲电多孔吹泡泡玩具手持泡泡机趣味玩具,1,'7595415258585351205,欣儿玩具,精选联盟,普通订单,12.99,12.99,0,0,0,0,4,0,0,0,0,0,0,0,0,8.99,12.99,-0.65,-0.65,0,0,0,0,0,,-1.3,,0,通许县商共电子商务经营部（个体工商户）,平台服务费率5%;商品类目: 玩具>其他特色玩具>其他（实物）
2026-04-27 12:39:02,'6952218877452555782,'6952218877452555782,13.49,聚合账户,已结算,否,2026-04-20 14:21:30,'3815327929399902703,萌宝冲电多孔吹泡泡玩具手持泡泡机趣味玩具,1,'7595415258585351205,欣儿玩具,精选联盟,普通订单,14.99,14.99,0,0,0,0,6.61,0,0,0,0,0,0,0,0,8.38,14.99,-0.75,-0.75,0,0,0,0,0,,-1.5,,0,通许县商共电子商务经营部（个体工商户）,平台服务费率5%;商品类目: 玩具>其他特色玩具>其他（实物）
2026-04-28 02:04:28,'6925805747396967438,'6925805747396967438,11.69,聚合账户,已结算,否,2026-04-22 19:50:41,'3815327929399902703,萌宝冲电多孔吹泡泡玩具手持泡泡机趣味玩具,1,'1400117048905447,欣晴玩具,精选联盟,普通订单,12.99,12.99,0,0,0,0,0,0,0,0,0,0,0,0,0,12.99,12.99,-0.65,-0.65,0,0,0,0,0,,-1.3,,0,通许县商共电子商务经营部（个体工商户）,平台服务费率5%;商品类目: 玩具>其他特色玩具>其他（实物）
2026-04-28 02:43:04,'6952309832763446610,'6952309832763446610,13.49,聚合账户,已结算,否,2026-04-23 07:58:49,'3815327929399902703,萌宝冲电多孔吹泡泡玩具手持泡泡机趣味玩具,1,'7595415258585351205,欣儿玩具,精选联盟,普通订单,14.99,14.99,0,0,0,0,4,0,0,0,0,0,0,0,0,10.99,14.99,-0.75,-0.75,0,0,0,0,0,,-1.5,,0,通许县商共电子商务经营部（个体工商户）,平台服务费率5%;商品类目: 玩具>其他特色玩具>其他（实物）
2026-04-28 04:39:19,'6952220046118360227,'6952220046118360227,11.69,聚合账户,已结算,否,2026-04-21 08:00:36,'3815327929399902703,萌宝冲电多孔吹泡泡玩具手持泡泡机趣味玩具,1,'1400117048905447,欣晴玩具,精选联盟,普通订单,12.99,12.99,0,0,0,0,0,0,0,0,0,0,0,0,0,12.99,12.99,-0.65,-0.65,0,0,0,0,0,,-1.3,,0,通许县商共电子商务经营部（个体工商户）,平台服务费率5%;商品类目: 玩具>其他特色玩具>其他（实物）
2026-04-28 04:54:44,'6952278877293189050,'6952278877293189050,13.49,聚合账户,已结算,否,2026-04-23 07:09:06,'3815327929399902703,萌宝冲电多孔吹泡泡玩具手持泡泡机趣味玩具,1,'7595415258585351205,欣儿玩具,精选联盟,普通订单,14.99,14.99,0,0,0,0,0,0,0,0,0,0,0,0,0,14.99,14.99,-0.75,-0.75,0,0,0,0,0,,-1.5,,0,通许县商共电子商务经营部（个体工商户）,平台服务费率5%;商品类目: 玩具>其他特色玩具>其他（实物）
2026-04-28 05:41:43,'6952285570963740201,'6952285570963740201,11.69,聚合账户,已结算,否,2026-04-23 08:00:21,'3815327929399902703,萌宝冲电多孔吹泡泡玩具手持泡泡机趣味玩具,1,'7595415258585351205,欣儿玩具,精选联盟,普通订单,12.99,12.99,0,0,0,0,6.12,0,0,0,0,0,0,0,0,6.87,12.99,-0.65,-0.65,0,0,0,0,0,,-1.3,,0,通许县商共电子商务经营部（个体工商户）,平台服务费率5%;商品类目: 玩具>其他特色玩具>其他（实物）
2026-04-28 05:41:58,'6952283488943871654,'6952283488943871654,11.69,聚合账户,已结算,否,2026-04-23 08:09:15,'3815230674143675340,兔子熊猫泡泡机新款户外手持多孔泡泡玩具,1,'7595415258585351205,欣儿玩具,精选联盟,普通订单,12.99,12.99,0,0,0,0,0,0,0,0,0,0,0,0,0,12.99,12.99,-0.65,-0.65,0,0,0,0,0,,-1.3,,0,通许县商共电子商务经营部（个体工商户）,平台服务费率5%;商品类目: 玩具>其他特色玩具>其他（实物）
2026-04-28 05:59:02,'6925743423543869191,'6925743423543869191,11.69,聚合账户,已结算,否,2026-04-21 08:00:56,'3815327929399902703,萌宝冲电多孔吹泡泡玩具手持泡泡机趣味玩具,1,'1400117048905447,欣晴玩具,精选联盟,普通订单,12.99,12.99,0,0,0,0,8.09,0,0,0,0,0,0,0,0,4.9,12.99,-0.65,-0.65,0,0,0,0,0,,-1.3,,0,通许县商共电子商务经营部（个体工商户）,平台服务费率5%;商品类目: 玩具>其他特色玩具>其他（实物）
2026-04-28 07:42:28,'6952280890662590046,'6952280890662590046,13.49,聚合账户,已结算,否,2026-04-23 06:33:06,'3815327929399902703,萌宝冲电多孔吹泡泡玩具手持泡泡机趣味玩具,1,'7595415258585351205,欣儿玩具,精选联盟,普通订单,14.99,14.99,0,0,0,0,2,0,0,0,0,0,0,0,0,12.99,14.99,-0.75,-0.75,0,0,0,0,0,,-1.5,,0,通许县商共电子商务经营部（个体工商户）,平台服务费率5%;商品类目: 玩具>其他特色玩具>其他（实物）
2026-04-28 09:37:56,'6952298987824486054,'6952298987824486054,13.49,聚合账户,已结算,否,2026-04-23 08:08:17,'3815327929399902703,萌宝冲电多孔吹泡泡玩具手持泡泡机趣味玩具,1,'7595415258585351205,欣儿玩具,精选联盟,普通订单,14.99,14.99,0,0,0,0,0,0,0,0,0,0,0,0,0,14.99,14.99,-0.75,-0.75,0,0,0,0,0,,-1.5,,0,通许县商共电子商务经营部（个体工商户）,平台服务费率5%;商品类目: 玩具>其他特色玩具>其他（实物）
2026-04-28 10:03:31,'6925796724005043816,'6925796724005043816,13.49,聚合账户,已结算,否,2026-04-22 20:22:42,'3815327929399902703,萌宝冲电多孔吹泡泡玩具手持泡泡机趣味玩具,1,'1400117048905447,欣晴玩具,精选联盟,普通订单,14.99,14.99,0,0,0,0,2,0,0,0,0,0,0,0,0,12.99,14.99,-0.75,-0.75,0,0,0,0,0,,-1.5,,0,通许县商共电子商务经营部（个体工商户）,平台服务费率5%;商品类目: 玩具>其他特色玩具>其他（实物）
2026-04-28 10:41:22,'6952240276242240577,'6952240276242240577,11.69,聚合账户,已结算,否,2026-04-21 07:31:23,'3815327929399902703,萌宝冲电多孔吹泡泡玩具手持泡泡机趣味玩具,1,'1400117048905447,欣晴玩具,精选联盟,普通订单,12.99,12.99,0,0,0,0,0,0,0,0,0,0,0,0,0,12.99,12.99,-0.65,-0.65,0,0,0,0,0,,-1.3,,0,通许县商共电子商务经营部（个体工商户）,平台服务费率5%;商品类目: 玩具>其他特色玩具>其他（实物）
2026-04-28 13:38:20,'6925795392779812360,'6925795392779812360,13.49,聚合账户,已结算,否,2026-04-23 07:56:09,'3815327929399902703,萌宝冲电多孔吹泡泡玩具手持泡泡机趣味玩具,1,'7595415258585351205,欣儿玩具,精选联盟,普通订单,14.99,14.99,0,0,0,0,2.24,0,0,0,0,0,0,0,0,12.75,14.99,-0.75,-0.75,0,0,0,0,0,,-1.5,,0,通许县商共电子商务经营部（个体工商户）,平台服务费率5%;商品类目: 玩具>其他特色玩具>其他（实物）
2026-04-28 14:37:06,'6925752415296912890,'6925752415296912890,11.69,聚合账户,已结算,否,2026-04-21 07:22:50,'3815327929399902703,萌宝冲电多孔吹泡泡玩具手持泡泡机趣味玩具,1,'1400117048905447,欣晴玩具,精选联盟,普通订单,12.99,12.99,0,0,0,0,6,0,0,0,0,0,0,0,0,6.99,12.99,-0.65,-0.65,0,0,0,0,0,,-1.3,,0,通许县商共电子商务经营部（个体工商户）,平台服务费率5%;商品类目: 玩具>其他特色玩具>其他（实物）
2026-04-28 14:40:02,'6925810357343125433,'6925810357343125433,8.09,聚合账户,已结算,否,2026-04-23 07:18:58,'3814850107828994235,七彩吹泡泡系列专用补充液泡泡浓缩液 便携袋装泡泡水泡泡液安全,1,'7595415258585351205,欣儿玩具,精选联盟,普通订单,8.99,8.99,0,0,0,0,4,0,0,0,0,0,0,0,0,4.99,8.99,-0.45,-0.45,0,0,0,0,0,,-0.9,,0,通许县商共电子商务经营部（个体工商户）,平台服务费率5%;商品类目: 玩具>其他特色玩具>其他（实物）
2026-04-28 14:43:00,'6952226723139556364,'6952226723139556364,13.49,聚合账户,已结算,否,2026-04-21 08:20:39,'3815327929399902703,萌宝冲电多孔吹泡泡玩具手持泡泡机趣味玩具,1,'1400117048905447,欣晴玩具,精选联盟,普通订单,14.99,14.99,0,0,0,0,6,0,0,0,0,0,0,0,0,8.99,14.99,-0.75,-0.75,0,0,0,0,0,,-1.5,,0,通许县商共电子商务经营部（个体工商户）,平台服务费率5%;商品类目: 玩具>其他特色玩具>其他（实物）
2026-04-28 15:31:34,'6952243683340325922,'6952243683340325922,13.49,聚合账户,已结算,否,2026-04-22 07:38:23,'3815327929399902703,萌宝冲电多孔吹泡泡玩具手持泡泡机趣味玩具,1,'1400117048905447,欣晴玩具,精选联盟,普通订单,14.99,14.99,0,0,0,0,4,0,0,0,0,0,0,0,0,10.99,14.99,-0.75,-0.75,0,0,0,0,0,,-1.5,,0,通许县商共电子商务经营部（个体工商户）,平台服务费率5%;商品类目: 玩具>其他特色玩具>其他（实物）
2026-04-29 01:30:35,'6952243677872526751,'6952243677872526751,13.49,聚合账户,已结算,否,2026-04-22 06:34:02,'3815327929399902703,萌宝冲电多孔吹泡泡玩具手持泡泡机趣味玩具,1,'1400117048905447,欣晴玩具,精选联盟,普通订单,14.99,14.99,0,0,0,0,0,0,0,0,0,0,0,0,0,14.99,14.99,-0.75,-0.75,0,0,0,0,0,,-1.5,,0,通许县商共电子商务经营部（个体工商户）,平台服务费率5%;商品类目: 玩具>其他特色玩具>其他（实物）
2026-04-29 01:52:48,'6925800168298347704,'6925800168298347704,11.69,聚合账户,已结算,否,2026-04-23 07:05:38,'3815327929399902703,萌宝冲电多孔吹泡泡玩具手持泡泡机趣味玩具,1,'7595415258585351205,欣儿玩具,精选联盟,普通订单,12.99,12.99,0,0,0,0,0,0,0,0,0,0,0,0,0,12.99,12.99,-0.65,-0.65,0,0,0,0,0,,-1.3,,0,通许县商共电子商务经营部（个体工商户）,平台服务费率5%;商品类目: 玩具>其他特色玩具>其他（实物）
2026-04-29 01:59:00,'6925802440913813300,'6925802440913813300,11.69,聚合账户,已结算,否,2026-04-23 07:29:48,'3815327929399902703,萌宝冲电多孔吹泡泡玩具手持泡泡机趣味玩具,1,'7595415258585351205,欣儿玩具,精选联盟,普通订单,12.99,12.99,0,0,0,0,0,0,0,0,0,0,0,0,0,12.99,12.99,-0.65,-0.65,0,0,0,0,0,,-1.3,,0,通许县商共电子商务经营部（个体工商户）,平台服务费率5%;商品类目: 玩具>其他特色玩具>其他（实物）
2026-04-29 02:35:04,'6925723339954093136,'6925723339954093136,14.24,聚合账户,已结算,否,2026-04-19 20:36:53,'3814849104937353537,萌娃冲电泡泡机网红爆款新款手持多孔吹泡泡玩具泡泡机趣味玩具,1,,,小店自卖,普通订单,14.99,14.99,0,0,0,0,0,0,0,0,0,0,0,0,0,14.99,14.99,-0.75,0,0,0,0,0,0,,-0.75,否,0,通许县商共电子商务经营部（个体工商户）,平台服务费率5%;商品类目: 玩具>玩具枪>其他玩具枪（实物）
2026-04-29 03:31:10,'6925806776467095304,'6925806776467095304,13.49,聚合账户,已结算,否,2026-04-23 08:02:09,'3815327929399902703,萌宝冲电多孔吹泡泡玩具手持泡泡机趣味玩具,1,'7595415258585351205,欣儿玩具,精选联盟,普通订单,14.99,14.99,0,0,0,0,0,0,0,0,0,0,0,0,0,14.99,14.99,-0.75,-0.75,0,0,0,0,0,,-1.5,,0,通许县商共电子商务经营部（个体工商户）,平台服务费率5%;商品类目: 玩具>其他特色玩具>其他（实物）
2026-04-29 03:31:55,'6925829198044429559,'6925829198044429559,8.09,聚合账户,已结算,否,2026-04-23 19:31:08,'3814850107828994235,七彩吹泡泡系列专用补充液泡泡浓缩液 便携袋装泡泡水泡泡液安全,1,'1400117048905447,欣晴玩具,精选联盟,普通订单,8.99,8.99,0,0,0,0,5.49,0,0,0,0,0,0,0,0,3.5,8.99,-0.45,-0.45,0,0,0,0,0,,-0.9,,0,通许县商共电子商务经营部（个体工商户）,平台服务费率5%;商品类目: 玩具>其他特色玩具>其他（实物）
2026-04-29 04:37:25,'6925824958758682181,'6925824958758682181,13.49,聚合账户,已结算,否,2026-04-23 19:55:16,'3815327929399902703,萌宝冲电多孔吹泡泡玩具手持泡泡机趣味玩具,1,'1400117048905447,欣晴玩具,精选联盟,普通订单,14.99,14.99,0,0,0,0,0,0,0,0,0,0,0,0,0,14.99,14.99,-0.75,-0.75,0,0,0,0,0,,-1.5,,0,通许县商共电子商务经营部（个体工商户）,平台服务费率5%;商品类目: 玩具>其他特色玩具>其他（实物）
2026-04-29 06:34:32,'6952339210567096097,'6952339210567096097,13.49,聚合账户,已结算,否,2026-04-24 14:50:01,'3815327929399902703,萌宝冲电多孔吹泡泡玩具手持泡泡机趣味玩具,1,'1400117048905447,欣晴玩具,精选联盟,普通订单,14.99,14.99,0,0,0,0,0,0,0,0,0,0,0,0,0,14.99,14.99,-0.75,-0.75,0,0,0,0,0,,-1.5,,0,通许县商共电子商务经营部（个体工商户）,平台服务费率5%;商品类目: 玩具>其他特色玩具>其他（实物）
2026-04-29 06:34:48,'6952285562679596968,'6952285562679596968,13.49,聚合账户,已结算,否,2026-04-23 07:29:29,'3815327929399902703,萌宝冲电多孔吹泡泡玩具手持泡泡机趣味玩具,1,'7595415258585351205,欣儿玩具,精选联盟,普通订单,14.99,14.99,0,0,0,0,0,0,0,0,0,0,0,0,0,14.99,14.99,-0.75,-0.75,0,0,0,0,0,,-1.5,,0,通许县商共电子商务经营部（个体工商户）,平台服务费率5%;商品类目: 玩具>其他特色玩具>其他（实物）
2026-04-29 06:40:03,'6925812731668823901,'6925812731668823901,11.69,聚合账户,已结算,否,2026-04-23 08:16:34,'3815327929399902703,萌宝冲电多孔吹泡泡玩具手持泡泡机趣味玩具,1,'7595415258585351205,欣儿玩具,精选联盟,普通订单,12.99,12.99,0,0,0,0,2,0,0,0,0,0,0,0,0,10.99,12.99,-0.65,-0.65,0,0,0,0,0,,-1.3,,0,通许县商共电子商务经营部（个体工商户）,平台服务费率5%;商品类目: 玩具>其他特色玩具>其他（实物）
2026-04-29 06:40:20,'6925800161432207177,'6925800161432207177,13.49,聚合账户,已结算,否,2026-04-23 07:02:00,'3815327929399902703,萌宝冲电多孔吹泡泡玩具手持泡泡机趣味玩具,1,'7595415258585351205,欣儿玩具,精选联盟,普通订单,14.99,14.99,0,0,0,0,0,0,0,0,0,0,0,0,0,14.99,14.99,-0.75,-0.75,0,0,0,0,0,,-1.5,,0,通许县商共电子商务经营部（个体工商户）,平台服务费率5%;商品类目: 玩具>其他特色玩具>其他（实物）
2026-04-29 06:40:27,'6925809217540619484,'6925809217540619484,13.49,聚合账户,已结算,否,2026-04-23 07:12:29,'3815327929399902703,萌宝冲电多孔吹泡泡玩具手持泡泡机趣味玩具,1,'7595415258585351205,欣儿玩具,精选联盟,普通订单,14.99,14.99,0,0,0,0,4,0,0,0,0,0,0,0,0,10.99,14.99,-0.75,-0.75,0,0,0,0,0,,-1.5,,0,通许县商共电子商务经营部（个体工商户）,平台服务费率5%;商品类目: 玩具>其他特色玩具>其他（实物）
2026-04-29 07:34:40,'6952248974044894300,'6952248974044894300,13.49,聚合账户,已结算,否,2026-04-21 06:53:24,'3815327929399902703,萌宝冲电多孔吹泡泡玩具手持泡泡机趣味玩具科学实验,1,'1400117048905447,欣晴玩具,精选联盟,普通订单,14.99,14.99,0,0,0,0,0,0,0,0,0,0,0,0,0,14.99,14.99,-0.75,-0.75,0,0,0,0,0,,-1.5,,0,通许县商共电子商务经营部（个体工商户）,平台服务费率5%;商品类目: 玩具>其他特色玩具>其他（实物）
2026-04-29 08:12:00,'6952237749576275093,'6952237749576275093,13.49,聚合账户,已结算,否,2026-04-21 07:36:44,'3815327929399902703,萌宝冲电多孔吹泡泡玩具手持泡泡机趣味玩具,1,'1400117048905447,欣晴玩具,精选联盟,普通订单,14.99,14.99,0,0,0,0,0,0,0,0,0,0,0,0,0,14.99,14.99,-0.75,-0.75,0,0,0,0,0,,-1.5,,0,通许县商共电子商务经营部（个体工商户）,平台服务费率5%;商品类目: 玩具>其他特色玩具>其他（实物）
2026-04-29 08:26:35,'6952220044191995163,'6952220044191995163,11.69,聚合账户,已结算,否,2026-04-21 07:48:57,'3815327929399902703,萌宝冲电多孔吹泡泡玩具手持泡泡机趣味玩具,1,'1400117048905447,欣晴玩具,精选联盟,普通订单,12.99,12.99,0,0,0,0,0,0,0,0,0,0,0,0,0,12.99,12.99,-0.65,-0.65,0,0,0,0,0,,-1.3,,0,通许县商共电子商务经营部（个体工商户）,平台服务费率5%;商品类目: 玩具>其他特色玩具>其他（实物）
2026-04-29 08:37:45,'6952317407853286625,'6952317407853286625,11.69,聚合账户,已结算,否,2026-04-23 19:57:23,'3815327929399902703,萌宝冲电多孔吹泡泡玩具手持泡泡机趣味玩具,1,'1400117048905447,欣晴玩具,精选联盟,普通订单,12.99,12.99,0,0,0,0,0,0,0,0,0,0,0,0,0,12.99,12.99,-0.65,-0.65,0,0,0,0,0,,-1.3,,0,通许县商共电子商务经营部（个体工商户）,平台服务费率5%;商品类目: 玩具>其他特色玩具>其他（实物）
2026-04-29 09:35:11,'6925724838341278730,'6925724838341278730,11.69,聚合账户,已结算,否,2026-04-20 14:03:38,'3815327929399902703,萌宝冲电多孔吹泡泡玩具手持泡泡机趣味玩具,1,'7595415258585351205,欣儿玩具,精选联盟,普通订单,12.99,12.99,0,0,0,0,0,0,0,0,0,0,0,0,0,12.99,12.99,-0.65,-0.65,0,0,0,0,0,,-1.3,,0,通许县商共电子商务经营部（个体工商户）,平台服务费率5%;商品类目: 玩具>其他特色玩具>其他（实物）
2026-04-29 09:43:13,'6952341035240199504,'6952341035240199504,9.49,聚合账户,已结算,否,2026-04-24 12:43:31,'3814851529454780467,2026新款吹泡泡拍乒乓球益智拍拍乐玩具适合互动户外游玩泡泡球拍,1,,,小店自卖,普通订单,9.99,9.99,0,0,0,0,0,0,0,0,0,0,0,0,0,9.99,9.99,-0.5,0,0,0,0,0,0,,-0.5,否,0,通许县商共电子商务经营部（个体工商户）,平台服务费率5%;商品类目: 玩具>其他特色玩具>其他（实物）
2026-04-29 09:45:53,'6952243677872526751,'6952243677872592287,13.49,聚合账户,已结算,否,2026-04-22 06:34:02,'3815327929399902703,萌宝冲电多孔吹泡泡玩具手持泡泡机趣味玩具,1,'1400117048905447,欣晴玩具,精选联盟,普通订单,14.99,14.99,0,0,0,0,0,0,0,0,0,0,0,0,0,14.99,14.99,-0.75,-0.75,0,0,0,0,0,,-1.5,,0,通许县商共电子商务经营部（个体工商户）,平台服务费率5%;商品类目: 玩具>其他特色玩具>其他（实物）
2026-04-29 11:18:02,'6952303507369432974,'6952303507369432974,11.69,聚合账户,已结算,否,2026-04-23 08:05:32,'3815327929399902703,萌宝冲电多孔吹泡泡玩具手持泡泡机趣味玩具,1,'7595415258585351205,欣儿玩具,精选联盟,普通订单,12.99,12.99,0,0,0,0,1.6,0,0,0,0,0,0,0,0,11.39,12.99,-0.65,-0.65,0,0,0,0,0,,-1.3,,0,通许县商共电子商务经营部（个体工商户）,平台服务费率5%;商品类目: 玩具>其他特色玩具>其他（实物）
2026-04-29 12:35:15,'6952319136213571144,'6952319136213571144,13.49,聚合账户,已结算,否,2026-04-24 15:07:40,'3815327929399902703,萌宝冲电多孔吹泡泡玩具手持泡泡机趣味玩具,1,'1400117048905447,欣晴玩具,精选联盟,普通订单,14.99,14.99,0,0,0,0,3.44,0,0,0,0,0,0,0,0,11.55,14.99,-0.75,-0.75,0,0,0,0,0,,-1.5,,0,通许县商共电子商务经营部（个体工商户）,平台服务费率5%;商品类目: 玩具>其他特色玩具>其他（实物）
2026-04-29 14:12:37,'6925797706406919653,'6925797706406919653,11.69,聚合账户,已结算,否,2026-04-23 07:22:11,'3815327929399902703,萌宝冲电多孔吹泡泡玩具手持泡泡机趣味玩具,1,'7595415258585351205,欣儿玩具,精选联盟,普通订单,12.99,12.99,0,0,0,0,0,0,0,0,0,0,0,0,0,12.99,12.99,-0.65,-0.65,0,0,0,0,0,,-1.3,,0,通许县商共电子商务经营部（个体工商户）,平台服务费率5%;商品类目: 玩具>其他特色玩具>其他（实物）
2026-04-30 01:31:51,'6952283371002008964,'6952283371002008964,11.69,聚合账户,已结算,否,2026-04-23 06:20:41,'3815327929399902703,萌宝冲电多孔吹泡泡玩具手持泡泡机趣味玩具,1,'7595415258585351205,欣儿玩具,精选联盟,普通订单,12.99,12.99,0,0,0,0,0,0,0,0,0,0,0,0,0,12.99,12.99,-0.65,-0.65,0,0,0,0,0,,-1.3,,0,通许县商共电子商务经营部（个体工商户）,平台服务费率5%;商品类目: 玩具>其他特色玩具>其他（实物）
2026-04-30 01:33:52,'6952345635169309880,'6952345635169309880,13.49,聚合账户,已结算,否,2026-04-24 15:09:01,'3815327929399902703,萌宝冲电多孔吹泡泡玩具手持泡泡机趣味玩具,1,'1400117048905447,欣晴玩具,精选联盟,普通订单,14.99,14.99,0,0,0,0,0,0,0,0,0,0,0,0,0,14.99,14.99,-0.75,-0.75,0,0,0,0,0,,-1.5,,0,通许县商共电子商务经营部（个体工商户）,平台服务费率5%;商品类目: 玩具>其他特色玩具>其他（实物）
2026-04-30 01:34:50,'6925844168335785911,'6925844168335785911,8.99,聚合账户,已结算,否,2026-04-24 15:34:56,'3815227268310106471,新款电动卡通小兔子牵绳带动感音乐炫酷灯光夜市玩具,1,'1400117048905447,欣晴玩具,精选联盟,普通订单,9.99,9.99,0,0,0,0,0,0,0,0,0,0,0,0,0,9.99,9.99,-0.5,-0.5,0,0,0,0,0,,-1,,0,通许县商共电子商务经营部（个体工商户）,平台服务费率5%;商品类目: 玩具>音乐乐器玩具>音乐玩具（实物）
2026-04-30 01:36:48,'6925836111481634431,'6925836111481634431,24.68,聚合账户,已结算,否,2026-04-23 23:01:41,'3815227268310106471,新款电动卡通小兔子牵绳带动感音乐炫酷灯光夜市玩具,2,,,小店自卖,普通订单,25.98,25.98,0,0,0,0,0,0,0,0,0,0,0,0,0,25.98,25.98,-1.3,0,0,0,0,0,0,,-1.3,否,0,通许县商共电子商务经营部（个体工商户）,平台服务费率5%;商品类目: 玩具>音乐乐器玩具>音乐玩具（实物）
2026-04-30 01:54:13,'6952239024512111665,'6952239024512111665,13.49,聚合账户,已结算,否,2026-04-20 14:39:38,'3815327929399902703,萌宝冲电多孔吹泡泡玩具手持泡泡机趣味玩具,1,'7595415258585351205,欣儿玩具,精选联盟,普通订单,14.99,14.99,0,0,0,0,0,0,0,0,0,0,0,0,0,14.99,14.99,-0.75,-0.75,0,0,0,0,0,,-1.5,,0,通许县商共电子商务经营部（个体工商户）,平台服务费率5%;商品类目: 玩具>其他特色玩具>其他（实物）
2026-04-30 01:56:08,'6952323333981017296,'6952323333981017296,8.99,聚合账户,已结算,是,2026-04-24 15:44:09,'3815327929399902703,萌宝冲电多孔吹泡泡玩具手持泡泡机趣味玩具,1,'1400117048905447,欣晴玩具,精选联盟,普通订单,12.99,12.99,0,0,0,-3,0,0,0,0,0,0,0,0,0,9.99,9.99,-0.5,-0.5,0,0,0,0,0,,-1,,0,通许县商共电子商务经营部（个体工商户）,平台服务费率5%;商品类目: 玩具>其他特色玩具>其他（实物）
2026-04-30 02:42:11,'6925816455249165951,'6925816455249165951,24.68,聚合账户,已结算,否,2026-04-23 23:01:20,'3815227268310106471,新款电动卡通小兔子牵绳带动感音乐炫酷灯光夜市玩具,2,,,小店自卖,普通订单,25.98,25.98,0,0,0,0,0,0,0,0,0,0,0,0,0,25.98,25.98,-1.3,0,0,0,0,0,0,,-1.3,否,0,通许县商共电子商务经营部（个体工商户）,平台服务费率5%;商品类目: 玩具>音乐乐器玩具>音乐玩具（实物）
2026-04-30 02:42:27,'6925821141138636415,'6925821141138636415,28.48,聚合账户,已结算,否,2026-04-23 23:03:09,'3815230674143675340,兔子熊猫泡泡机新款户外手持多孔泡泡玩具,2,,,小店自卖,普通订单,29.98,29.98,0,0,0,0,0,0,0,0,0,0,0,0,0,29.98,29.98,-1.5,0,0,0,0,0,0,,-1.5,否,0,通许县商共电子商务经营部（个体工商户）,平台服务费率5%;商品类目: 玩具>其他特色玩具>其他（实物）
2026-04-30 02:42:44,'6925724830170119632,'6925724830170119632,8.09,聚合账户,已结算,否,2026-04-20 14:00:18,'3814850107828994235,七彩吹泡泡系列专用补充液泡泡浓缩液 便携袋装泡泡水泡泡液安全,1,'7595415258585351205,欣儿玩具,精选联盟,普通订单,8.99,8.99,0,0,0,0,4.15,0,0,0,0,0,0,0,0,4.84,8.99,-0.45,-0.45,0,0,0,0,0,,-0.9,,0,通许县商共电子商务经营部（个体工商户）,平台服务费率5%;商品类目: 玩具>其他特色玩具>其他（实物）
2026-04-30 02:43:02,'6925724859640741736,'6925724859640741736,13.49,聚合账户,已结算,否,2026-04-20 14:03:40,'3815327929399902703,萌宝冲电多孔吹泡泡玩具手持泡泡机趣味玩具,1,'7595415258585351205,欣儿玩具,精选联盟,普通订单,14.99,14.99,0,0,0,0,0,0,0,0,0,0,0,0,0,14.99,14.99,-0.75,-0.75,0,0,0,0,0,,-1.5,,0,通许县商共电子商务经营部（个体工商户）,平台服务费率5%;商品类目: 玩具>其他特色玩具>其他（实物）
2026-04-30 03:33:47,'6925816406036676223,'6925816406036676223,284.71,聚合账户,已结算,否,2026-04-23 22:35:42,'3814851529454780467,2026新款吹泡泡拍乒乓球益智拍拍乐玩具适合互动户外游玩泡泡球拍,30,,,小店自卖,普通订单,299.7,299.7,0,0,0,0,0,0,0,0,0,0,0,0,0,299.7,299.7,-14.99,0,0,0,0,0,0,,-14.99,否,0,通许县商共电子商务经营部（个体工商户）,平台服务费率5%;商品类目: 玩具>其他特色玩具>其他（实物）
2026-04-30 03:35:00,'6925727177836887912,'6925727177836887912,11.69,聚合账户,已结算,否,2026-04-20 14:03:51,'3815327929399902703,萌宝冲电多孔吹泡泡玩具手持泡泡机趣味玩具,1,'7595415258585351205,欣儿玩具,精选联盟,普通订单,12.99,12.99,0,0,0,0,0,0,0,0,0,0,0,0,0,12.99,12.99,-0.65,-0.65,0,0,0,0,0,,-1.3,,0,通许县商共电子商务经营部（个体工商户）,平台服务费率5%;商品类目: 玩具>其他特色玩具>其他（实物）
2026-04-30 03:35:40,'6925734110662327680,'6925734110662327680,11.69,聚合账户,已结算,否,2026-04-20 14:31:20,'3815327929399902703,萌宝冲电多孔吹泡泡玩具手持泡泡机趣味玩具,1,'7595415258585351205,欣儿玩具,精选联盟,普通订单,12.99,12.99,0,0,0,0,0,0,0,0,0,0,0,0,0,12.99,12.99,-0.65,-0.65,0,0,0,0,0,,-1.3,,0,通许县商共电子商务经营部（个体工商户）,平台服务费率5%;商品类目: 玩具>其他特色玩具>其他（实物）
2026-04-30 03:35:44,'6925827848791162495,'6925827848791162495,14.24,聚合账户,已结算,否,2026-04-23 23:03:18,'3815230674143675340,兔子熊猫泡泡机新款户外手持多孔泡泡玩具,1,,,小店自卖,普通订单,14.99,14.99,0,0,0,0,0,0,0,0,0,0,0,0,0,14.99,14.99,-0.75,0,0,0,0,0,0,,-0.75,否,0,通许县商共电子商务经营部（个体工商户）,平台服务费率5%;商品类目: 玩具>其他特色玩具>其他（实物）
2026-04-30 03:55:32,'6952218849266046365,'6952218849266046365,13.49,聚合账户,已结算,否,2026-04-20 14:00:28,'3815327929399902703,萌宝冲电多孔吹泡泡玩具手持泡泡机趣味玩具,1,'7595415258585351205,欣儿玩具,精选联盟,普通订单,14.99,14.99,0,0,0,0,0,0,0,0,0,0,0,0,0,14.99,14.99,-0.75,-0.75,0,0,0,0,0,,-1.5,,0,通许县商共电子商务经营部（个体工商户）,平台服务费率5%;商品类目: 玩具>其他特色玩具>其他（实物）
2026-04-30 03:56:17,'6952334718673295217,'6952334718673295217,11.69,聚合账户,已结算,否,2026-04-24 14:53:20,'3815327929399902703,萌宝冲电多孔吹泡泡玩具手持泡泡机趣味玩具,1,'1400117048905447,欣晴玩具,精选联盟,普通订单,12.99,12.99,0,0,0,0,6,0,0,0,0,0,0,0,0,6.99,12.99,-0.65,-0.65,0,0,0,0,0,,-1.3,,0,通许县商共电子商务经营部（个体工商户）,平台服务费率5%;商品类目: 玩具>其他特色玩具>其他（实物）
2026-04-30 03:58:28,'6925773917707730618,'6925773917707730618,13.49,聚合账户,已结算,否,2026-04-22 06:35:11,'3815327929399902703,萌宝冲电多孔吹泡泡玩具手持泡泡机趣味玩具,1,'1400117048905447,欣晴玩具,精选联盟,普通订单,14.99,14.99,0,0,0,0,6.59,0,0,0,0,0,0,0,0,8.4,14.99,-0.75,-0.75,0,0,0,0,0,,-1.5,,0,通许县商共电子商务经营部（个体工商户）,平台服务费率5%;商品类目: 玩具>其他特色玩具>其他（实物）
2026-04-30 04:11:46,'6925720446312218018,'6925720446312218018,13.49,聚合账户,已结算,否,2026-04-20 13:49:32,'3815327929399902703,萌宝冲电多孔吹泡泡玩具手持泡泡机趣味玩具,1,'7595415258585351205,欣儿玩具,精选联盟,普通订单,14.99,14.99,0,0,0,0,0,0,0,0,0,0,0,0,0,14.99,14.99,-0.75,-0.75,0,0,0,0,0,,-1.5,,0,通许县商共电子商务经营部（个体工商户）,平台服务费率5%;商品类目: 玩具>其他特色玩具>其他（实物）
2026-04-30 04:39:53,'6952305414870341119,'6952305414870341119,13.49,聚合账户,已结算,否,2026-04-23 07:33:23,'3815327929399902703,萌宝冲电多孔吹泡泡玩具手持泡泡机趣味玩具,1,'7595415258585351205,欣儿玩具,精选联盟,普通订单,14.99,14.99,0,0,0,0,0,0,0,0,0,0,0,0,0,14.99,14.99,-0.75,-0.75,0,0,0,0,0,,-1.5,,0,通许县商共电子商务经营部（个体工商户）,平台服务费率5%;商品类目: 玩具>其他特色玩具>其他（实物）
2026-04-30 04:40:32,'6925844043008212327,'6925844043008212327,13.49,聚合账户,已结算,否,2026-04-24 14:15:47,'3815327929399902703,萌宝冲电多孔吹泡泡玩具手持泡泡机趣味玩具,1,'1400117048905447,欣晴玩具,精选联盟,普通订单,14.99,14.99,0,0,0,0,0,0,0,0,0,0,0,0,0,14.99,14.99,-0.75,-0.75,0,0,0,0,0,,-1.5,,0,通许县商共电子商务经营部（个体工商户）,平台服务费率5%;商品类目: 玩具>其他特色玩具>其他（实物）
2026-04-30 05:03:42,'6952367406838781238,'6952367406838781238,8.99,聚合账户,已结算,否,2026-04-25 20:49:11,'3815227268310106471,新款电动卡通小兔子牵绳带动感音乐炫酷灯光夜市玩具,1,'7595415258585351205,欣儿玩具,精选联盟,普通订单,9.99,9.99,0,0,0,0,0,0,0,0,0,0,0,0,0,9.99,9.99,-0.5,-0.5,0,0,0,0,0,,-1,,0,通许县商共电子商务经营部（个体工商户）,平台服务费率5%;商品类目: 玩具>音乐乐器玩具>音乐玩具（实物）
2026-04-30 05:40:03,'6952332304767456888,'6952332304767456888,11.69,聚合账户,已结算,否,2026-04-24 13:56:33,'3815327929399902703,萌宝冲电多孔吹泡泡玩具手持泡泡机趣味玩具,1,'1400117048905447,欣晴玩具,精选联盟,普通订单,12.99,12.99,0,0,0,0,2.35,0,0,0,0,0,0,0,0,10.64,12.99,-0.65,-0.65,0,0,0,0,0,,-1.3,,0,通许县商共电子商务经营部（个体工商户）,平台服务费率5%;商品类目: 玩具>其他特色玩具>其他（实物）
2026-04-30 05:46:50,'6925724830170119632,'6925724830170185168,3.59,聚合账户,已结算,否,2026-04-20 14:00:18,'3814850107828994235,七彩吹泡泡系列专用补充液泡泡浓缩液 便携袋装泡泡水泡泡液安全,1,'7595415258585351205,欣儿玩具,精选联盟,普通订单,3.99,3.99,0,0,0,0,1.85,0,0,0,0,0,0,0,0,2.14,3.99,-0.2,-0.2,0,0,0,0,0,,-0.4,,0,通许县商共电子商务经营部（个体工商户）,平台服务费率5%;商品类目: 玩具>其他特色玩具>其他（实物）
2026-04-30 05:47:01,'6925833769697181311,'6925833769697181311,28.47,聚合账户,已结算,否,2026-04-23 22:52:15,'3814851529454780467,2026新款吹泡泡拍乒乓球益智拍拍乐玩具适合互动户外游玩泡泡球拍,3,,,小店自卖,普通订单,29.97,29.97,0,0,0,0,0,0,0,0,0,0,0,0,0,29.97,29.97,-1.5,0,0,0,0,0,0,,-1.5,否,0,通许县商共电子商务经营部（个体工商户）,平台服务费率5%;商品类目: 玩具>其他特色玩具>其他（实物）
2026-04-30 05:47:27,'6925734010253114552,'6925734010253114552,13.49,聚合账户,已结算,否,2026-04-20 13:59:26,'3815327929399902703,萌宝冲电多孔吹泡泡玩具手持泡泡机趣味玩具,1,'7595415258585351205,欣儿玩具,精选联盟,普通订单,14.99,14.99,0,0,0,0,0,0,0,0,0,0,0,0,0,14.99,14.99,-0.75,-0.75,0,0,0,0,0,,-1.5,,0,通许县商共电子商务经营部（个体工商户）,平台服务费率5%;商品类目: 玩具>其他特色玩具>其他（实物）
2026-04-30 05:47:43,'6925839859226935150,'6925839859226935150,23.38,聚合账户,已结算,否,2026-04-24 13:47:11,'3815230674143675340,兔子熊猫泡泡机新款户外手持多孔泡泡玩具,2,'1400117048905447,欣晴玩具,精选联盟,普通订单,25.98,25.98,0,0,0,0,0,0,0,0,0,0,0,0,0,25.98,25.98,-1.3,-1.3,0,0,0,0,0,,-2.6,,0,通许县商共电子商务经营部（个体工商户）,平台服务费率5%;商品类目: 玩具>其他特色玩具>其他（实物）
2026-04-30 06:28:46,'6952383114040186624,'6952383114040186624,8.99,聚合账户,已结算,否,2026-04-26 09:09:53,'3815227268310106471,新款电动卡通小兔子牵绳带动感音乐炫酷灯光夜市玩具,1,'1400117048905447,欣晴玩具,精选联盟,普通订单,9.99,9.99,0,0,0,0,0,0,0,0,0,0,0,0,0,9.99,9.99,-0.5,-0.5,0,0,0,0,0,,-1,,0,通许县商共电子商务经营部（个体工商户）,平台服务费率5%;商品类目: 玩具>音乐乐器玩具>音乐玩具（实物）
2026-04-30 06:41:35,'6925734093750238239,'6925734093750238239,13.49,聚合账户,已结算,否,2026-04-20 14:32:49,'3815327929399902703,萌宝冲电多孔吹泡泡玩具手持泡泡机趣味玩具,1,'7595415258585351205,欣儿玩具,精选联盟,普通订单,14.99,14.99,0,0,0,0,0,0,0,0,0,0,0,0,0,14.99,14.99,-0.75,-0.75,0,0,0,0,0,,-1.5,,0,通许县商共电子商务经营部（个体工商户）,平台服务费率5%;商品类目: 玩具>其他特色玩具>其他（实物）
2026-04-30 06:43:13,'6925827841333624447,'6925827841333624447,24.68,聚合账户,已结算,否,2026-04-23 23:05:23,'3815227268310106471,新款电动卡通小兔子牵绳带动感音乐炫酷灯光夜市玩具,2,,,小店自卖,普通订单,25.98,25.98,0,0,0,0,0,0,0,0,0,0,0,0,0,25.98,25.98,-1.3,0,0,0,0,0,0,,-1.3,否,0,通许县商共电子商务经营部（个体工商户）,平台服务费率5%;商品类目: 玩具>音乐乐器玩具>音乐玩具（实物）
2026-04-30 06:44:24,'6925821112668421759,'6925821112668421759,92.97,聚合账户,已结算,否,2026-04-23 22:45:55,'3815233203862634566,网红小汽车爆款小黄鸭按压玩具车卡通小汽车爆款摩托车,14,,,小店自卖,普通订单,97.86,97.86,0,0,0,0,0,0,0,0,0,0,0,0,0,97.86,97.86,-4.89,0,0,0,0,0,0,,-4.89,否,0,通许县商共电子商务经营部（个体工商户）,平台服务费率5%;商品类目: 玩具>其他特色玩具>其他（实物）
2026-04-30 07:14:24,'6925727193186729718,'6925727193186729718,11.69,聚合账户,已结算,否,2026-04-20 14:07:00,'3815327929399902703,萌宝冲电多孔吹泡泡玩具手持泡泡机趣味玩具,1,'7595415258585351205,欣儿玩具,精选联盟,普通订单,12.99,12.99,0,0,0,0,0,0,0,0,0,0,0,0,0,12.99,12.99,-0.65,-0.65,0,0,0,0,0,,-1.3,,0,通许县商共电子商务经营部（个体工商户）,平台服务费率5%;商品类目: 玩具>其他特色玩具>其他（实物）
2026-04-30 07:38:55,'6925797675847023735,'6925797675847023735,13.49,聚合账户,已结算,否,2026-04-23 07:34:48,'3815327929399902703,萌宝冲电多孔吹泡泡玩具手持泡泡机趣味玩具,1,'7595415258585351205,欣儿玩具,精选联盟,普通订单,14.99,14.99,0,0,0,0,0,0,0,0,0,0,0,0,0,14.99,14.99,-0.75,-0.75,0,0,0,0,0,,-1.5,,0,通许县商共电子商务经营部（个体工商户）,平台服务费率5%;商品类目: 玩具>其他特色玩具>其他（实物）
2026-04-30 07:39:04,'6925736388698340955,'6925736388698340955,11.69,聚合账户,已结算,是,2026-04-20 14:10:16,'3815327929399902703,萌宝冲电多孔吹泡泡玩具手持泡泡机趣味玩具,1,'7595415258585351205,欣儿玩具,精选联盟,普通订单,14.99,14.99,0,0,0,-2,0,0,0,0,0,0,0,0,0,12.99,12.99,-0.65,-0.65,0,0,0,0,0,,-1.3,,0,通许县商共电子商务经营部（个体工商户）,平台服务费率5%;商品类目: 玩具>其他特色玩具>其他（实物）
2026-04-30 07:39:15,'6925827812862754431,'6925827812862754431,26.56,聚合账户,已结算,否,2026-04-23 22:54:21,'3815233203862634566,网红小汽车爆款小黄鸭按压玩具车卡通小汽车爆款摩托车,4,,,小店自卖,普通订单,27.96,27.96,0,0,0,0,0,0,0,0,0,0,0,0,0,27.96,27.96,-1.4,0,0,0,0,0,0,,-1.4,否,0,通许县商共电子商务经营部（个体工商户）,平台服务费率5%;商品类目: 玩具>其他特色玩具>其他（实物）
2026-04-30 07:40:05,'6925821091135716991,'6925821091135716991,28.47,聚合账户,已结算,否,2026-04-23 22:53:57,'3814851529454780467,2026新款吹泡泡拍乒乓球益智拍拍乐玩具适合互动户外游玩泡泡球拍,3,,,小店自卖,普通订单,29.97,29.97,0,0,0,0,0,0,0,0,0,0,0,0,0,29.97,29.97,-1.5,0,0,0,0,0,0,,-1.5,否,0,通许县商共电子商务经营部（个体工商户）,平台服务费率5%;商品类目: 玩具>其他特色玩具>其他（实物）
2026-04-30 07:43:51,'6952385293028366062,'6952385293028366062,8.99,聚合账户,已结算,否,2026-04-26 07:15:40,'3815227268310106471,新款电动卡通小兔子牵绳带动感音乐炫酷灯光夜市玩具,1,'1400117048905447,欣晴玩具,精选联盟,普通订单,9.99,9.99,0,0,0,0,0,0,0,0,0,0,0,0,0,9.99,9.99,-0.5,-0.5,0,0,0,0,0,,-1,,0,通许县商共电子商务经营部（个体工商户）,平台服务费率5%;商品类目: 玩具>音乐乐器玩具>音乐玩具（实物）
2026-04-30 07:44:50,'6952209902683822017,'6952209902683822017,13.49,聚合账户,已结算,否,2026-04-20 14:15:28,'3815327929399902703,萌宝冲电多孔吹泡泡玩具手持泡泡机趣味玩具,1,'7595415258585351205,欣儿玩具,精选联盟,普通订单,14.99,14.99,0,0,0,0,0,0,0,0,0,0,0,0,0,14.99,14.99,-0.75,-0.75,0,0,0,0,0,,-1.5,,0,通许县商共电子商务经营部（个体工商户）,平台服务费率5%;商品类目: 玩具>其他特色玩具>其他（实物）
2026-04-30 07:45:16,'6952220932426045277,'6952220932426045277,13.49,聚合账户,已结算,否,2026-04-20 13:43:56,'3815327929399902703,萌宝冲电多孔吹泡泡玩具手持泡泡机趣味玩具,1,'7595415258585351205,欣儿玩具,精选联盟,普通订单,14.99,14.99,0,0,0,0,2,0,0,0,0,0,0,0,0,12.99,14.99,-0.75,-0.75,0,0,0,0,0,,-1.5,,0,通许县商共电子商务经营部（个体工商户）,平台服务费率5%;商品类目: 玩具>其他特色玩具>其他（实物）
2026-04-30 07:46:47,'6952232533351995265,'6952232533351995265,13.49,聚合账户,已结算,否,2026-04-20 14:10:20,'3815327929399902703,萌宝冲电多孔吹泡泡玩具手持泡泡机趣味玩具,1,'7595415258585351205,欣儿玩具,精选联盟,普通订单,14.99,14.99,0,0,0,0,0,0,0,0,0,0,0,0,0,14.99,14.99,-0.75,-0.75,0,0,0,0,0,,-1.5,,0,通许县商共电子商务经营部（个体工商户）,平台服务费率5%;商品类目: 玩具>其他特色玩具>其他（实物）
2026-04-30 08:37:03,'6952232511690249479,'6952232511690249479,13.49,聚合账户,已结算,否,2026-04-20 13:50:09,'3815327929399902703,萌宝冲电多孔吹泡泡玩具手持泡泡机趣味玩具,1,'7595415258585351205,欣儿玩具,精选联盟,普通订单,14.99,14.99,0,0,0,0,0,0,0,0,0,0,0,0,0,14.99,14.99,-0.75,-0.75,0,0,0,0,0,,-1.5,,0,通许县商共电子商务经营部（个体工商户）,平台服务费率5%;商品类目: 玩具>其他特色玩具>其他（实物）
2026-04-30 08:37:04,'6952227859288299447,'6952227859288299447,11.69,聚合账户,已结算,否,2026-04-20 13:50:38,'3815327929399902703,萌宝冲电多孔吹泡泡玩具手持泡泡机趣味玩具,1,'7595415258585351205,欣儿玩具,精选联盟,普通订单,12.99,12.99,0,0,0,0,0,0,0,0,0,0,0,0,0,12.99,12.99,-0.65,-0.65,0,0,0,0,0,,-1.3,,0,通许县商共电子商务经营部（个体工商户）,平台服务费率5%;商品类目: 玩具>其他特色玩具>其他（实物）
2026-04-30 08:37:40,'6952345578850293368,'6952345578850293368,13.49,聚合账户,已结算,否,2026-04-24 13:43:54,'3815327929399902703,萌宝冲电多孔吹泡泡玩具手持泡泡机趣味玩具,1,'1400117048905447,欣晴玩具,精选联盟,普通订单,14.99,14.99,0,0,0,0,4,0,0,0,0,0,0,0,0,10.99,14.99,-0.75,-0.75,0,0,0,0,0,,-1.5,,0,通许县商共电子商务经营部（个体工商户）,平台服务费率5%;商品类目: 玩具>其他特色玩具>其他（实物）
2026-04-30 08:59:03,'6925814854704463487,'6925814854704463487,24.68,聚合账户,已结算,否,2026-04-23 23:01:55,'3815227268310106471,新款电动卡通小兔子牵绳带动感音乐炫酷灯光夜市玩具,2,,,小店自卖,普通订单,25.98,25.98,0,0,0,0,0,0,0,0,0,0,0,0,0,25.98,25.98,-1.3,0,0,0,0,0,0,,-1.3,否,0,通许县商共电子商务经营部（个体工商户）,平台服务费率5%;商品类目: 玩具>音乐乐器玩具>音乐玩具（实物）
2026-04-30 08:59:24,'6925833832859074175,'6925833832859074175,24.68,聚合账户,已结算,否,2026-04-23 23:06:42,'3815227268310106471,新款电动卡通小兔子牵绳带动感音乐炫酷灯光夜市玩具,2,,,小店自卖,普通订单,25.98,25.98,0,0,0,0,0,0,0,0,0,0,0,0,0,25.98,25.98,-1.3,0,0,0,0,0,0,,-1.3,否,0,通许县商共电子商务经营部（个体工商户）,平台服务费率5%;商品类目: 玩具>音乐乐器玩具>音乐玩具（实物）
2026-04-30 09:01:34,'6925821072782622335,'6925821072782622335,72.16,聚合账户,已结算,否,2026-04-23 22:46:25,'3815233141728215120,新款户外充电泡泡枪网红天使手持多孔泡泡玩具手持吹泡泡玩具,4,,,小店自卖,普通订单,75.96,75.96,0,0,0,0,0,0,0,0,0,0,0,0,0,75.96,75.96,-3.8,0,0,0,0,0,0,,-3.8,否,0,通许县商共电子商务经营部（个体工商户）,平台服务费率5%;商品类目: 玩具>玩具枪>其他玩具枪（实物）
2026-04-30 09:12:29,'6925850998257908814,'6925850998257908814,11.69,聚合账户,已结算,否,2026-04-24 14:20:59,'3815327929399902703,萌宝冲电多孔吹泡泡玩具手持泡泡机趣味玩具,1,'1400117048905447,欣晴玩具,精选联盟,普通订单,12.99,12.99,0,0,0,0,0,0,0,0,0,0,0,0,0,12.99,12.99,-0.65,-0.65,0,0,0,0,0,,-1.3,,0,通许县商共电子商务经营部（个体工商户）,平台服务费率5%;商品类目: 玩具>其他特色玩具>其他（实物）
2026-04-30 09:16:03,'6952225411607565808,'6952225411607565808,11.69,聚合账户,已结算,否,2026-04-20 13:50:57,'3815327929399902703,萌宝冲电多孔吹泡泡玩具手持泡泡机趣味玩具,1,'7595415258585351205,欣儿玩具,精选联盟,普通订单,12.99,12.99,0,0,0,0,0,0,0,0,0,0,0,0,0,12.99,12.99,-0.65,-0.65,0,0,0,0,0,,-1.3,,0,通许县商共电子商务经营部（个体工商户）,平台服务费率5%;商品类目: 玩具>其他特色玩具>其他（实物）
2026-04-30 09:32:09,'6925833812271398527,'6925833812271398527,24.68,聚合账户,已结算,否,2026-04-23 23:05:56,'3815227268310106471,新款电动卡通小兔子牵绳带动感音乐炫酷灯光夜市玩具,2,,,小店自卖,普通订单,25.98,25.98,0,0,0,0,0,0,0,0,0,0,0,0,0,25.98,25.98,-1.3,0,0,0,0,0,0,,-1.3,否,0,通许县商共电子商务经营部（个体工商户）,平台服务费率5%;商品类目: 玩具>音乐乐器玩具>音乐玩具（实物）
2026-04-30 09:33:20,'6925821113750290047,'6925821113750290047,24.68,聚合账户,已结算,否,2026-04-23 23:02:42,'3815227268310106471,新款电动卡通小兔子牵绳带动感音乐炫酷灯光夜市玩具,2,,,小店自卖,普通订单,25.98,25.98,0,0,0,0,0,0,0,0,0,0,0,0,0,25.98,25.98,-1.3,0,0,0,0,0,0,,-1.3,否,0,通许县商共电子商务经营部（个体工商户）,平台服务费率5%;商品类目: 玩具>音乐乐器玩具>音乐玩具（实物）
2026-04-30 09:33:49,'6952211856287405322,'6952211856287405322,13.49,聚合账户,已结算,否,2026-04-20 14:12:47,'3815327929399902703,萌宝冲电多孔吹泡泡玩具手持泡泡机趣味玩具,1,'7595415258585351205,欣儿玩具,精选联盟,普通订单,14.99,14.99,0,0,0,0,0,0,0,0,0,0,0,0,0,14.99,14.99,-0.75,-0.75,0,0,0,0,0,,-1.5,,0,通许县商共电子商务经营部（个体工商户）,平台服务费率5%;商品类目: 玩具>其他特色玩具>其他（实物）
2026-04-30 09:34:15,'6925848979570851161,'6925848979570851161,13.49,聚合账户,已结算,否,2026-04-24 14:53:15,'3815327929399902703,萌宝冲电多孔吹泡泡玩具手持泡泡机趣味玩具,1,'1400117048905447,欣晴玩具,精选联盟,普通订单,14.99,14.99,0,0,0,0,0,0,0,0,0,0,0,0,0,14.99,14.99,-0.75,-0.75,0,0,0,0,0,,-1.5,,0,通许县商共电子商务经营部（个体工商户）,平台服务费率5%;商品类目: 玩具>其他特色玩具>其他（实物）
2026-04-30 10:25:41,'6925878690972925835,'6925878690972925835,8.99,聚合账户,已结算,否,2026-04-25 14:03:56,'3815227268310106471,新款电动卡通小兔子牵绳带动感音乐炫酷灯光夜市玩具,1,'7595415258585351205,欣儿玩具,精选联盟,普通订单,9.99,9.99,0,0,0,0,0,0,0,0,0,0,0,0,0,9.99,9.99,-0.5,-0.5,0,0,0,0,0,,-1,,0,通许县商共电子商务经营部（个体工商户）,平台服务费率5%;商品类目: 玩具>音乐乐器玩具>音乐玩具（实物）
2026-04-30 10:25:41,'6925836037590318991,'6925836037590318991,11.69,聚合账户,已结算,否,2026-04-24 14:36:18,'3815327929399902703,萌宝冲电多孔吹泡泡玩具手持泡泡机趣味玩具,1,'1400117048905447,欣晴玩具,精选联盟,普通订单,12.99,12.99,0,0,0,0,0,0,0,0,0,0,0,0,0,12.99,12.99,-0.65,-0.65,0,0,0,0,0,,-1.3,,0,通许县商共电子商务经营部（个体工商户）,平台服务费率5%;商品类目: 玩具>其他特色玩具>其他（实物）
2026-04-30 10:29:52,'6925858762052894587,'6925858762052894587,8.99,聚合账户,已结算,否,2026-04-25 07:30:57,'3815227268310106471,新款电动卡通小兔子牵绳带动感音乐炫酷灯光夜市玩具,1,'1400117048905447,欣晴玩具,精选联盟,普通订单,9.99,9.99,0,0,0,0,0,0,0,0,0,0,0,0,0,9.99,9.99,-0.5,-0.5,0,0,0,0,0,,-1,,0,通许县商共电子商务经营部（个体工商户）,平台服务费率5%;商品类目: 玩具>音乐乐器玩具>音乐玩具（实物）
2026-04-30 10:29:52,'6925736373887074261,'6925736373887074261,11.69,聚合账户,已结算,否,2026-04-20 13:57:13,'3815327929399902703,萌宝冲电多孔吹泡泡玩具手持泡泡机趣味玩具,1,'7595415258585351205,欣儿玩具,精选联盟,普通订单,12.99,12.99,0,0,0,0,6,0,0,0,0,0,0,0,0,6.99,12.99,-0.65,-0.65,0,0,0,0,0,,-1.3,,0,通许县商共电子商务经营部（个体工商户）,平台服务费率5%;商品类目: 玩具>其他特色玩具>其他（实物）
2026-04-30 10:41:54,'6925827870046060159,'6925827870046060159,24.68,聚合账户,已结算,否,2026-04-23 23:05:40,'3815227268310106471,新款电动卡通小兔子牵绳带动感音乐炫酷灯光夜市玩具,2,,,小店自卖,普通订单,25.98,25.98,0,0,0,0,0,0,0,0,0,0,0,0,0,25.98,25.98,-1.3,0,0,0,0,0,0,,-1.3,否,0,通许县商共电子商务经营部（个体工商户）,平台服务费率5%;商品类目: 玩具>音乐乐器玩具>音乐玩具（实物）
2026-04-30 10:42:41,'6952327717809952376,'6952327717809952376,8.09,聚合账户,已结算,否,2026-04-24 14:04:32,'3814850107828994235,七彩吹泡泡系列专用补充液泡泡浓缩液 便携袋装泡泡水泡泡液安全,1,'1400117048905447,欣晴玩具,精选联盟,普通订单,8.99,8.99,0,0,0,0,0,0,0,0,0,0,0,0,0,8.99,8.99,-0.45,-0.45,0,0,0,0,0,,-0.9,,0,通许县商共电子商务经营部（个体工商户）,平台服务费率5%;商品类目: 玩具>其他特色玩具>其他（实物）
2026-04-30 10:42:56,'6925724777930194466,'6925724777930194466,13.49,聚合账户,已结算,否,2026-04-20 13:42:38,'3815327929399902703,萌宝冲电多孔吹泡泡玩具手持泡泡机趣味玩具,1,'7595415258585351205,欣儿玩具,精选联盟,普通订单,14.99,14.99,0,0,0,0,7,0,0,0,0,0,0,0,0,7.99,14.99,-0.75,-0.75,0,0,0,0,0,,-1.5,,0,通许县商共电子商务经营部（个体工商户）,平台服务费率5%;商品类目: 玩具>其他特色玩具>其他（实物）
2026-04-30 10:44:20,'6952291351887680615,'6952291351887680615,11.69,聚合账户,已结算,否,2026-04-22 20:25:00,'3815327929399902703,萌宝冲电多孔吹泡泡玩具手持泡泡机趣味玩具,1,'1400117048905447,欣晴玩具,精选联盟,普通订单,12.99,12.99,0,0,0,0,8.09,0,0,0,0,0,0,0,0,4.9,12.99,-0.65,-0.65,0,0,0,0,0,,-1.3,,0,通许县商共电子商务经营部（个体工商户）,平台服务费率5%;商品类目: 玩具>其他特色玩具>其他（实物）
2026-04-30 10:45:29,'6925836116730609279,'6925836116730609279,24.68,聚合账户,已结算,否,2026-04-23 23:02:25,'3815227268310106471,新款电动卡通小兔子牵绳带动感音乐炫酷灯光夜市玩具,2,,,小店自卖,普通订单,25.98,25.98,0,0,0,0,0,0,0,0,0,0,0,0,0,25.98,25.98,-1.3,0,0,0,0,0,0,,-1.3,否,0,通许县商共电子商务经营部（个体工商户）,平台服务费率5%;商品类目: 玩具>音乐乐器玩具>音乐玩具（实物）
2026-04-30 10:45:49,'6925821101783744127,'6925821101783744127,80.7,聚合账户,已结算,否,2026-04-23 22:47:00,'3815327929399902703,萌宝冲电多孔吹泡泡玩具手持泡泡机趣味玩具,5,,,小店自卖,普通订单,84.95,84.95,0,0,0,0,0,0,0,0,0,0,0,0,0,84.95,84.95,-4.25,0,0,0,0,0,0,,-4.25,否,0,通许县商共电子商务经营部（个体工商户）,平台服务费率5%;商品类目: 玩具>其他特色玩具>其他（实物）
2026-04-30 11:11:42,'6952294235330974923,'6952294235330974923,11.69,聚合账户,已结算,否,2026-04-23 07:30:22,'3815327929399902703,萌宝冲电多孔吹泡泡玩具手持泡泡机趣味玩具,1,'7595415258585351205,欣儿玩具,精选联盟,普通订单,12.99,12.99,0,0,0,0,0,0,0,0,0,0,0,0,0,12.99,12.99,-0.65,-0.65,0,0,0,0,0,,-1.3,,0,通许县商共电子商务经营部（个体工商户）,平台服务费率5%;商品类目: 玩具>其他特色玩具>其他（实物）
2026-04-30 11:11:42,'6925793124532190246,'6925793124532190246,13.49,聚合账户,已结算,否,2026-04-23 07:57:24,'3815327929399902703,萌宝冲电多孔吹泡泡玩具手持泡泡机趣味玩具,1,'7595415258585351205,欣儿玩具,精选联盟,普通订单,14.99,14.99,0,0,0,0,0,0,0,0,0,0,0,0,0,14.99,14.99,-0.75,-0.75,0,0,0,0,0,,-1.5,,0,通许县商共电子商务经营部（个体工商户）,平台服务费率5%;商品类目: 玩具>其他特色玩具>其他（实物）
2026-04-30 11:11:42,'6925862653325705083,'6925862653325705083,11.69,聚合账户,已结算,否,2026-04-25 07:38:43,'3815327929399902703,萌宝冲电多孔吹泡泡玩具手持泡泡机趣味玩具,1,'1400117048905447,欣晴玩具,精选联盟,普通订单,12.99,12.99,0,0,0,0,0,0,0,0,0,0,0,0,0,12.99,12.99,-0.65,-0.65,0,0,0,0,0,,-1.3,,0,通许县商共电子商务经营部（个体工商户）,平台服务费率5%;商品类目: 玩具>其他特色玩具>其他（实物）
2026-04-30 11:40:22,'6925827816578449023,'6925827816578449023,24.68,聚合账户,已结算,否,2026-04-23 23:06:19,'3815227268310106471,新款电动卡通小兔子牵绳带动感音乐炫酷灯光夜市玩具,2,,,小店自卖,普通订单,25.98,25.98,0,0,0,0,0,0,0,0,0,0,0,0,0,25.98,25.98,-1.3,0,0,0,0,0,0,,-1.3,否,0,通许县商共电子商务经营部（个体工商户）,平台服务费率5%;商品类目: 玩具>音乐乐器玩具>音乐玩具（实物）
2026-04-30 11:40:43,'6925844009268706506,'6925844009268706506,13.49,聚合账户,已结算,否,2026-04-24 13:55:32,'3815327929399902703,萌宝冲电多孔吹泡泡玩具手持泡泡机趣味玩具,1,'1400117048905447,欣晴玩具,精选联盟,普通订单,14.99,14.99,0,0,0,0,0,0,0,0,0,0,0,0,0,14.99,14.99,-0.75,-0.75,0,0,0,0,0,,-1.5,,0,通许县商共电子商务经营部（个体工商户）,平台服务费率5%;商品类目: 玩具>其他特色玩具>其他（实物）
2026-04-30 11:42:16,'6925833816872484479,'6925833816872484479,24.68,聚合账户,已结算,否,2026-04-23 23:05:06,'3815227268310106471,新款电动卡通小兔子牵绳带动感音乐炫酷灯光夜市玩具,2,,,小店自卖,普通订单,25.98,25.98,0,0,0,0,0,0,0,0,0,0,0,0,0,25.98,25.98,-1.3,0,0,0,0,0,0,,-1.3,否,0,通许县商共电子商务经营部（个体工商户）,平台服务费率5%;商品类目: 玩具>音乐乐器玩具>音乐玩具（实物）
2026-04-30 11:51:06,'6952293548176053725,'6952293548176053725,8.09,聚合账户,已结算,否,2026-04-22 19:56:55,'3814850107828994235,七彩吹泡泡系列专用补充液泡泡浓缩液 便携袋装泡泡水泡泡液安全,1,'1400117048905447,欣晴玩具,精选联盟,普通订单,8.99,8.99,0,0,0,0,0,0,0,0,0,0,0,0,0,8.99,8.99,-0.45,-0.45,0,0,0,0,0,,-0.9,,0,通许县商共电子商务经营部（个体工商户）,平台服务费率5%;商品类目: 玩具>其他特色玩具>其他（实物）
2026-04-30 13:28:01,'6952234370161317851,'6952234370161317851,13.49,聚合账户,已结算,否,2026-04-20 14:33:21,'3815327929399902703,萌宝冲电多孔吹泡泡玩具手持泡泡机趣味玩具,1,'7595415258585351205,欣儿玩具,精选联盟,普通订单,14.99,14.99,0,0,0,0,0,0,0,0,0,0,0,0,0,14.99,14.99,-0.75,-0.75,0,0,0,0,0,,-1.5,,0,通许县商共电子商务经营部（个体工商户）,平台服务费率5%;商品类目: 玩具>其他特色玩具>其他（实物）
2026-04-30 13:28:01,'6952214822601102412,'6952214822601102412,11.69,聚合账户,已结算,否,2026-04-20 14:40:15,'3815327929399902703,萌宝冲电多孔吹泡泡玩具手持泡泡机趣味玩具,1,'7595415258585351205,欣儿玩具,精选联盟,普通订单,12.99,12.99,0,0,0,0,0,0,0,0,0,0,0,0,0,12.99,12.99,-0.65,-0.65,0,0,0,0,0,,-1.3,,0,通许县商共电子商务经营部（个体工商户）,平台服务费率5%;商品类目: 玩具>其他特色玩具>其他（实物）
2026-04-30 13:30:32,'6952225391028541149,'6952225391028541149,11.69,聚合账户,已结算,否,2026-04-20 13:50:13,'3815327929399902703,萌宝冲电多孔吹泡泡玩具手持泡泡机趣味玩具,1,'7595415258585351205,欣儿玩具,精选联盟,普通订单,12.99,12.99,0,0,0,0,0,0,0,0,0,0,0,0,0,12.99,12.99,-0.65,-0.65,0,0,0,0,0,,-1.3,,0,通许县商共电子商务经营部（个体工商户）,平台服务费率5%;商品类目: 玩具>其他特色玩具>其他（实物）
2026-04-30 13:30:32,'6952205882124932229,'6952205882124932229,13.49,聚合账户,已结算,否,2026-04-20 13:45:38,'3815327929399902703,萌宝冲电多孔吹泡泡玩具手持泡泡机趣味玩具,1,'7595415258585351205,欣儿玩具,精选联盟,普通订单,14.99,14.99,0,0,0,0,0,0,0,0,0,0,0,0,0,14.99,14.99,-0.75,-0.75,0,0,0,0,0,,-1.5,,0,通许县商共电子商务经营部（个体工商户）,平台服务费率5%;商品类目: 玩具>其他特色玩具>其他（实物）
2026-04-30 14:50:22,'6952230480036762719,'6952230480036762719,13.49,聚合账户,已结算,否,2026-04-20 13:40:16,'3815327929399902703,萌宝冲电多孔吹泡泡玩具手持泡泡机趣味玩具,1,'7595415258585351205,欣儿玩具,精选联盟,普通订单,14.99,14.99,0,0,0,0,0,0,0,0,0,0,0,0,0,14.99,14.99,-0.75,-0.75,0,0,0,0,0,,-1.5,,0,通许县商共电子商务经营部（个体工商户）,平台服务费率5%;商品类目: 玩具>其他特色玩具>其他（实物）
